player_code,tm_player_id,fpl_name,tm_name
1243,11680,Robert Green,Rob Green
1616,5278,Alexander Manninger,Alexander Manninger
1632,3291,Gareth Barry,Gareth Barry
1718,3160,John Terry,John Terry
1801,3630,Paul Robinson,Paul Robinson
1822,3146,Shay Given,Shay Given
2404,3878,Michael Carrick,Michael Carrick
2513,51730,Jamie Murphy,Jamie Murphy
3201,3190,Stuart Taylor,Stuart Taylor
3736,3540,John O'Shea,John O'Shea
3773,4072,Peter Crouch,Peter Crouch
5288,488,Gerhard Tremmel,Gerhard Tremmel
5589,13683,Dean Whitehead,Dean Whitehead
7525,4321,Steven Pienaar,Steven Pienaar
7551,4241,Joleon Lescott,Joleon Lescott
7645,13520,Phil Jagielka,Phil Jagielka
906,36861,Damien Delaney,Damien Delaney
7958,3875,Jermain Defoe,Jermain Defoe
8380,12691,James Collins,James Collins
9047,3881,Glen Johnson,Glen Johnson
9110,9508,Shaun Maloney,Shaun Maloney
9808,3455,Zlatan Ibrahimovic,Zlatan Ibrahimović
10318,4311,Maarten Stekelenburg,Maarten Stekelenburg
10460,13796,Grant Leadbitter,Grant Leadbitter
10589,4190,Brian Murphy,Brian Murphy
11037,49655,Rickie Lambert,Rickie Lambert
11334,5658,Petr Cech,Petr Cech
11352,51528,Bruno Saltor Grau,Bruno Saltor
11467,36866,Billy Jones,Billy Jones
11554,12814,Julian Speroni,Julián Speroni
11735,13427,Steve Sidwell,Steve Sidwell
11829,14066,Wayne Routledge,Wayne Routledge
12002,4063,Stewart Downing,Stewart Downing
12086,3838,Boaz Myhill,Boaz Myhill
12150,12124,Glenn Whelan,Glenn Whelan
12390,9422,Allan McGregor,Allan McGregor
12413,2998,Robert Huth,Robert Huth
12496,7589,Víctor Valdés,Víctor Valdés
12679,9988,Michael Dawson,Michael Dawson
12744,33963,David Nugent,David Nugent
12745,13507,Leighton Baines,Leighton Baines
12813,3306,Jonathan Walters,Jonathan Walters
13017,3332,Wayne Rooney,Wayne Rooney
13152,56872,Andy King,Andy King
14075,5285,Patrice Evra,Patrice Evra
14295,3547,Darren Fletcher,Darren Fletcher
14937,8198,Cristiano Ronaldo dos Santos Aveiro,Cristiano Ronaldo
15109,13465,Tom Huddlestone,Tom Huddlestone
15114,40043,Leon Britton,Leon Britton
15137,15166,Liam Rosenior,Liam Rosenior
15144,9500,David Marshall,David Marshall
15157,3333,James Milner,James Milner
15208,2514,Bastian Schweinsteiger,Bastian Schweinsteiger
15237,29975,Andrew Surman,Andrew Surman
15276,3292,Joey Barton,Joey Barton
15633,16660,Alex Baptiste,Alex Baptiste
15749,40204,Joe Hart,Joe Hart
15885,4233,Adam Federici,Adam Federici
15944,25366,Michael Kightly,Michael Kightly
15982,4055,Dean Marney,Dean Marney
16045,14081,Ben Watson,Ben Watson
17127,6710,Per Mertesacker,Per Mertesacker
17336,7449,Gaël Clichy,Gaël Clichy
17339,28973,Steven Davis,Steven Davis
18507,44779,Diego Da Silva Costa,Diego Costa
19524,15799,Santiago Cazorla,Santi Cazorla
18656,19059,Heurelho da Silva Gomes,Heurelho Gomes
40276,44675,Bojan Krkic Perez,Bojan Krkic
41705,39471,Bradley Guzan,Brad Guzan
41792,646658,Aaron Ramsey,Aaron Ramsey
49579,65278,Pedro Rodríguez Ledesma,Pedro
49806,58993,David Junior Hoilett,Junior Hoilett
52775,60577,Nicolas Nkoulou,Nicolas N'Koulou
61262,85314,Oscar dos Santos Emboaba Junior,Oscar
61558,60444,Thiago Alcántara do Nascimento,Thiago Alcántara
66749,96341,Romelu Lukaku Bolingoli,Romelu Lukaku
61858,62049,Mame Biram Diouf,Mame Diouf
61603,73491,Daniel Drinkwater,Danny Drinkwater
75826,203026,Danny Ward,Danny Ward
78056,66100,Oriol Romeu Vidal,Oriol Romeu
80788,85928,Daniel Lafferty,Danny Lafferty
80792,114093,Greg Cunninghamm,Greg Cunningham
80801,126665,Idrissa Gana Gueye,Idrissa Gueye
84583,80444,Philippe Coutinho Correia,Philippe Coutinho
171162,177862,Charly Musonda,Charly Musonda Jr
171287,256178,Joseph Gomez,Joe Gomez
171314,258004,Rúben Santos dos Santos Gato Alves Dias,Rúben Dias
182539,319745,Daniel Ceballos Fernández,Dani Ceballos
195384,338424,Mikel Merino Zazón,Mikel Merino
198849,318077,Lucas Torreira di Pascua,Lucas Torreira
198869,335721,Benjamin White,Ben White
212319,378710,Richarlison de Andrade,Richarlison
223332,433181,Faustino Anjorin,Tino Anjorin
224946,493607,Matthew Worthington,Matt Worthington
226597,435338,Gabriel dos Santos Magalhães,Gabriel
232980,471690,Maximillian Aarons,Max Aarons
19624,29364,João Filipe Iria Santos Moutinho,João Moutinho
19838,39037,Robert Elliot,Rob Elliot
27789,26267,Fernando Luiz Rosa,Fernandinho
28690,46220,Pablo Hernández Domínguez,Pablo Hernández
37339,66333,Ahmed Elmohamady,Ahmed El Mohamady
38533,45026,Rui Pedro dos Santos Patrício,Rui Patricio
39790,27486,Francisco Casilla Cortés,Kiko Casilla
40559,45882,Fabricio Agosto Ramírez,Fabri
40694,37403,Roberto Jimenez Gago,Roberto
41270,46741,David Luiz Moreira Marinho,David Luiz
48760,52059,Mathias Jorgensen,Zanka
54484,76467,Francisco Femenía Far,Kiko Femenía
154561,262749,David Raya Martín,David Raya
154296,257455,João Maria Palhinha Gonçalves,João Palhinha
231372,450936,Tanguy Ndombélé Alvaro,Tanguy Ndombélé
428399,462250,João Félix Sequeira,João Félix
436234,537382,Bryan Gil Salvatierra,Bryan Gil
441164,553875,Pedro Porro Sauceda,Pedro Porro
442229,401604,Michał Karbownik,Michal Karbownik
447203,546543,Darwin Núñez Ribeiro,Darwin Núñez
457569,465555,Đorđe Petrović,Djordje Petrovic
465607,466810,Anssumane Fati Vieira,Ansu Fati
465920,537860,Mykhailo Mudryk,Mykhaylo Mudryk
481655,423440,Martín Zubimendi Ibáñez,Martín Zubimendi
486672,687626,Moisés Caicedo Corozo,Moisés Caicedo
488024,568157,Yéremy Pino Santos,Yéremy Pino
494779,503866,Albert Grønbæk,Albert Grønbaek
494543,864496,Dominic Ballard,Dom Ballard
475168,626724,João Pedro Junqueira de Jesus,João Pedro
467311,624948,Matthew Pollock,Mattie Pollock
467169,602105,Antony Matheus dos Santos,Antony
46483,56810,Adrien Sebastian Silva,Adrien Silva
60706,71271,Adrián San Miguel del Castillo,Adrián San Miguel
77777,111524,Ahmed El-Sayed Hegazy,Ahmed Hegazy
92371,210178,Pablo Marí Villar,Pablo Marí
102884,195488,Paulo Gazzaniga Farias,Paulo Gazzaniga
109528,162029,Javier Manquillo Gaitán,Javier Manquillo
121145,182712,João Pedro Cavaco Cavaco Cancelo,João Cancelo
141746,240306,Bruno Miguel Borges Fernandes,Bruno Fernandes
152551,262980,Jefferson Lerma Solís,Jefferson Lerma
153379,286919,Joshua Sims,Josh Sims
51090,29241,Thiago Thiago,Thiago Silva
73314,122155,Willian José Da Silva,Willian José
80954,131505,Rodrigo Moreno,Rodrigo
85955,102017,Jorge Luiz Frello Filho,Jorginho
89274,176591,José Ignacio Peleteiro Romallo,Jota Peleteiro
94926,233998,Olayinka Fredrick Oladotun Ladapo,Freddie Ladapo
95715,77100,Lucas Rodrigues Moura da Silva,Lucas Moura
96994,186186,Bobby Reid,Bobby De Cordova-Reid
100649,175169,Bernard Anício Caldeira Duarte,Bernard
101537,159372,Felipe Anderson Pereira Gomes,Felipe Anderson
101582,191614,Frederico Rodrigues de Paula Santos,Fred
102836,191056,Brice Samba,Brice Samba
106468,193098,Álex Moreno Lopera,Álex Moreno
111291,137745,Fernando Marçal,Marçal
158983,146310,Wataru Wataru,Wataru Endo
114128,175446,Jonathan Castro Otto,Jonny Otto
116404,156501,Felipe Augusto de Almeida Monteiro,Felipe
116643,225693,Fabio Henrique Tavares,Fabinho
119765,126422,Allan Marques Loureiro,Allan
120250,221025,André Filipe Tavares Gomes,André Gomes
140941,245072,Stipe Perica,Stipe Perica
148508,234189,Mahmoud Ahmed Ibrahim Hassan,Trezeguet
152590,255755,Alex Nicolao Telles,Alex Telles
153256,160438,Mohamed Naser Elneny,Mohamed Elneny
154138,249873,Tariqe Fosu-Henry,Tariqe Fosu
162651,255744,Samir Caetano de Souza Santos,Samir Caetano
165152,337640,Glen Rea,Glen Rea
165659,329145,Diego Carlos Santos Silva,Diego Carlos
165808,173900,Hélder Wander Sousa de Azevedo e Costa,Hélder Costa
166324,149716,Ivan Ricardo Neves Abreu Cavaleiro,Ivan Cavaleiro
166325,203655,Carlos Ribeiro Dias,Cafú
167191,288323,Marcus Myers-Harness,Marcus Harness
167473,147094,José Heriberto Izquierdo Mena,José Izquierdo
167767,281404,Robert Kenedy Nunes do Nascimento,Kenedy
168765,243589,Joshua Onomah,Josh Onomah
171317,225161,Rúben Diogo da Silva Neves,Rúben Neves
173399,192167,Mohamed Dräger,Mohamed Dräger
173514,295331,Isaac Success Ajayi,Isaac Success
174932,251845,Sergi Canós Tenés,Sergi Canós
175353,346472,Ayotomiwa Dele-Bashiru,Tom Dele-Bashiru
178173,307497,Matthew Clarke,Matt Clarke
179018,272999,Miguel Almirón Rejala,Miguel Almirón
180974,333241,Joelinton Cássio Apolinário de Lira,Joelinton
183656,340321,Pelenda Joshua Dasilva,Josh Dasilva
185253,330085,Gustavo Henrique Furtado Scarpa,Gustavo Scarpa
189627,295630,Dimitris Giannoulis,Dimitrios Giannoulis
189776,289510,Samuel Bastien,Samuel Bastien
194634,340950,Diogo Teixeira da Silva,Diogo Jota
195471,503683,Anthony Driscoll-Glennon,Anthony Glennon
195774,337800,Gedson Carvalho Fernandes,Gedson Fernandes
197464,371814,Nathaniel Phillips,Nat Phillips
200088,346482,Daniel N'Lundulu,Dan Nlundulu
200428,345437,Mateusz Lis,Mateusz Lis
200600,256977,Daniel Castelo Podence,Daniel Podence
201440,260166,Hwang Ui-jo,Hwang Ui-jo
201595,352041,Lucas Estella Perri,Lucas Perri
203325,354361,André-Frank Zambo Anguissa,Frank Anguissa
204043,362842,Arthur Henrique Ramos de Oliveira Melo,Arthur Melo
204214,349599,Pervis Estupiñán Tenorio,Pervis Estupiñán
204642,360517,Jay-Roy Grot,Jay-Roy Grot
208904,407021,Mads Juel Andersen,Mads Andersen
208998,406558,Zeze Steven Sessegnon,Steven Sessegnon
209362,364258,Bernardo Fernandes da Silva Junior,Bernardo
209925,258011,Xande Nascimento da Costa Silva,Xande Silva
212721,379807,Lyanco Evangelista Silveira Neves Vojnovic,Lyanco
213345,381362,Wesley Moraes Ferreira da Silva,Wesley Moraes
214987,237632,Kamil Miazek,Kamil Miazek
215460,392763,Ian Carlo Poveda-Ocampo,Ian Poveda
215476,393325,Joshua Sargent,Josh Sargent
216051,357147,José Diogo Dalot Teixeira,Diogo Dalot
216054,357158,Rúben Gonçalo Silva Nascimento Vinagre,Rúben Vinagre
217487,182201,Mbwana Ally Samatta,Mbwana Samatta
217593,357885,Pablo Fornals Malla,Pablo Fornals
219279,405385,Sugawara Yukinari,Sugawara Yukinari
219961,411295,Raphael Dias Belloli,Raphina
220307,355861,Arnaut Danjuma Groeneveld,Arnaut Danjuma
220566,357565,Rodrigo 'Rodri' Hernandez Cascante,Rodri
220684,502065,Ajibola Alese,Aji Alese
221389,432914,John Victor Maciel Furtado,John Victor
221403,417348,Richie Laryea,Richie Laryea
221466,469781,Marcos Senesi Barón,Marcos Senesi
222564,412669,Francisco Machado Mota de Castro Trincão,Francisco Trincão
223175,484387,Matthew Longstaff,Matty Longstaff
223723,331560,Tomiyasu Tomiyasu,Takehiro Tomiyasu
224024,444523,Lucas Tolentino Coelho de Lima,Lucas Paqueta
224209,369684,Rasmus Kristensen,Rasmus Nissen Kristensen
224995,512385,Luis Sinisterra Lucumí,Luis Sinisterra
225295,371256,Mateus Cardoso Lemos Martins,Tetê
227560,409106,Oghenekaro Peter Etebo,Peter Etebo
230046,447661,Douglas Luiz Soares de Paulo,Douglas Luiz
231480,438001,Santiago Ignacio Bueno,Santiago Bueno
232241,528894,Matthew Smith,Matt Smith
232351,504581,Ryan John Giles,Ryan Giles
232820,511551,Joe Anderson,Joe Anderson
232881,461882,Thakgalo Leshabela,Khanya Leshabela
232977,484389,Kelland Watts,Kell Watts
233420,476352,Renan Augusto Lodi dos Santos,Renan Lodi
234370,336869,Marc Roca Junqué,Marc Roca
235546,390664,Jacob Sørensen,Jacob Lungi Sørensen
240299,503975,Joseph Hodge,Joe Hodge
240796,453704,Álvaro Fernández,Álvaro Ferllo
241157,476344,Emerson Aparecido Leite de Souza Junior,Emerson Royal
461566,640245,William Fish,Will Fish
461558,596216,Maxwell Haygarth,Max Haygarth
461080,704801,Joseph McGlynn,Joe McGlynn
461584,670988,Wanya Marçal-Madivádua,Wanya Marçal
461682,631996,Brandon Aguilera Zamora,Brandon Aguilera
465299,677311,Anthony Mancini,Anthony Gomez-Mancini
465527,607224,Hannibal Mejbri,Hannibal
474120,660867,Julio Enciso Espínola,Julio Enciso
475123,641458,Carlos Miguel dos Santos Pereira,Carlos Miguel
475480,657817,Benicio Baker-Boaitey,Benicio Baker
477580,659089,Illia Zabarnyi,Ilya Zabarnyi
478028,668265,Kayky da Silva Chagas,Kayky
482973,432164,Igor Jesus Maciel da Cruz,Igor Jesus
483067,650568,António João Pereira de Albuquerque Tavares da Silva,António Silva
487818,670840,Joseph Whitworth,Joe Whitworth
487835,670846,Benjamin Chrisene,Ben Chrisene
488404,676318,Facundo Pellistri Rebollo,Facundo Pellistri
490721,698678,Hugo Bueno López,Hugo Bueno
491008,670713,Diogo Pinheiro Monteiro,Diogo Monteiro
491011,655006,Diego Manuel Jadon da Silva Moreira,Diego Moreira
491012,670688,Youssef Ramalho Chermiti,Youssef Chermiti
492779,706947,Yago de Santiago Alonso,Yago Santiago
498046,559330,Salah-Eddine Oulad M'hand,Salah Oulad
499604,1012564,Rayan Vitor Simplício Rocha,Rayan
502500,739443,Igor Thiago Nascimento Rodrigues,Igor Thiago
502697,748319,Carlos Alcaraz Durán,Carlos Alcaraz
504198,546712,Anis Slimane,Anis Ben Slimane
510281,743591,Sávio 'Savinho' Moreira de Oliveira,Savinho
515023,817611,Matthew Dibley-Dias,Matt Dibley-Dias
515501,811778,Álvaro Fernández Carreras,Álvaro Carreras
515571,646738,Juan Larios López,Juan Larios
515621,689637,Chadi Riad Dnanou,Chadi Riad
516432,747996,Valintino Adedokun,Val Adedokun
516874,796037,Charles Sagoe,Charles Sagoe Jr
519328,796298,Callum Scanlon,Calum Scanlon
524196,852517,Shaqai Forde,Shaq Forde
532535,867710,Thomas Wilson-Brown,Tom Wilson-Brown
536677,921532,Detlef Esapa Osong,Esapa Osong
543968,743599,Emersonn Correia da Silva,Emersonn
549329,927768,Lucas Pires Silva,Lucas Pires
551226,880245,Mateus Gonçalo Fernandes,Mateus Fernandes
551230,805714,Renato Palma Veiga,Renato Veiga
551483,741257,Álex Jiménez Sánchez,Álex Jiménez
564406,967346,Eliezer Mayenda Dossou,Eliezer Mayenda
565297,834742,Mateo Joseph Joseph Fernández-Regatillo,Mateo Joseph
575458,984096,Jair Paula da Cunha Filho,Jair Cunha
575476,1005649,Murillo Santiago Costa dos Santos,Murillo
591386,1045123,Treymaurice Nyoni,Trey Nyoni
593001,1060740,Enso González Medina,Enso González
596572,854722,Michael Dacosta Gonzalez,Michael Dacosta
604211,1079078,Tymur Tutierov,Timur Tuterov
616222,1005575,Vitor de Oliveira Nunes dos Reis,Vitor Reis
624773,1056993,Estêvão Almeida de Oliveira Gonçalves,Estêvão
628204,1141628,Yunus Emre Konak,Yunus Konak
641221,1193867,Pedro Cardoso de Lima,Pedro Lima
643135,1064471,Fer López González,Fer López
647597,1203143,Dominic Dos Santos Martins,Dominic Martins
649240,967342,Joshua Stephenson,Josh Stephenson
653481,1005583,Alysson Edward Franco da Rocha dos Santos,Alysson
661712,1283997,Diego León Blanco,Diego León
678552,1323654,Malcom DaCosta,Malcom Dacosta González
718875,1414663,Talla Ndiaye,Mor Talla Ndiaye
243569,424021,Adedapo Awokoya-Mebude,Dapo Mebude
244716,459463,Juan Camilo Hernández Suárez,Chucho Hernández
246265,433329,Corrie Ndaba,Corey Ndaba
247670,522784,Valentín Castellanos,Taty Castellanos
248056,489359,Tanaka Ao,Ao Tanaka
420922,487924,Jan Zamburek,Jan Zamburek
424001,663581,Vini de Souza Costa,Vini Souza
428610,415646,Bruno André Cavaco Jordão,Bruno Jordão
428626,383109,Przemyslaw Placheta,Przemysław Płacheta
431960,439351,Bendegúz Bolla,Bendegúz Bolla
432711,581669,Conrad Egan-Riley,CJ Egan-Riley
432927,532824,Daniel Langley,Dan Langley
437476,491596,Braian Ojeda Rodríguez,Braian Ojeda
437626,535955,Nuno Varela Tavares,Nuno Tavares
437858,487469,Vitor Ferreira,Vitinha
439510,609883,Luke Mbete-Tabu,Luke Mbete
440120,561452,Daniel Chesters,Dan Chesters
440955,366729,Nazarii Rusyn,Nazarii Rusyn
441455,468249,Victor da Silva,Vitinho
443629,662334,Marcelo de Araújo Pitaluga Filho,Marcelo Pitaluga
443967,374139,Junior Firpo Adames,Junior Firpo
444102,711337,Francisco Evanilson de Lima Barbosa,Evanilson
444307,655877,Thimothée Lo-Tutala,Tom Holmes
445896,703577,Kgaogelo Chauke,Kegs Chauke
447880,576121,Joshua Wilson-Esbrand,Josh Wilson-Esbrand
448482,703474,Robert Street,Rob Street
448487,462820,Andreas Söndergaard,Andreas Søndergaard
450072,412937,Shurandy Sambo,Shurandy Sambo
450550,587019,Finley Stevens,Fin Stevens
451432,498237,David Mota Veiga Teixeira do Carmo,David Carmo
453537,588412,Carlos Mendes Gomes,Carlos Mendes
461450,598958,Max Thompson,Max Thompson
461533,655880,Ademipo Odubeko,Mipo Odubeko
465702,538998,Timothée Pembélé,Timothée Pembélé
479683,668268,Marcus Oliveira Alencar,Marquinhos
484658,554284,Kacper Kozłowski,Kacper Kozlowski
485047,673492,Felipe Rodrigues da Silva,Morato
486385,595809,Norberto Bercique Gomes Betuncal,Beto
489571,696849,Etienne Green, Etienne Green
490000,696892,Blondy Nna Noukeu,Blondy Noukeu
490180,696502,Aribim Pepple,Aribim Pepple
491287,671915,Enzo Barrenechea,Enzo Barrenechea
492368,449597,Isaac Schmidt,Isaac Schmidt
493736,936867,Jimmy Morgan,Jimmy-Jay Morgan
493837,535479,Jay Matete,Jay Matete
494950,712592,Harvey Cartwright,Harvey Cartwright
495145,617009,Alex Paulsen,Alex Paulsen
495161,617018,Marko Stamenić,Marko Stamenic
500696,957224,Nectarios Triantis,Nectarios Triantis
500957,699980,Enis Destan,Enis Destan
504598,747153,Daniel Gore,Daniel Gore
509291,800176,André Trindade da Costa Neto,André
510362,606718,Toti António Gomes,Toti
510363,695454,Francisco Jorge Tomás Oliveira,Chiquinho
514315,743414,Lino da Cruz Sousa,Lino Sousa
513046,808509,Danilo dos Santos de Oliveira,Danilo
514613,827440,Zak Johnson,Zak Johnson
517178,758030,Elkan Baggott,Elkan Baggott
518467,709960,Marc Jurado Gomez,Marc Jurado
530335,817665,Pablo Felipe Pereira de Jesus,Pablo
546600,790669,Kayne van Oevelen,Kayne van Oevelen
547659,855279,Josh Powell,Josh Powell
518620,743598,Ângelo Gabriel Borges Damaceno,Angelos
549653,802997,Norman Bassette,Norman Bassette
550141,723835,Adrian Mazilu,Adrian Mazilu
551232,726701,Rodrigo Duarte Ribeiro,Rodrigo Ribeiro
551262,677382,Jahnoah Markelo,Jahnoah Markelo
553299,671108,Takai Kōta,Kota Takai
560441,891353,Luis Eduardo Soares da Silva,Cuiabano
560552,900195,Kevin Santos Lopes de Macedo,Kevin
564510,967948,Garang Kuol,Garang Kuol
571380,1005947,Luka Lynch,Luka Lynch
576323,982081,Oluwaseun Adewumi,Oluwaseun Adewumi
576756,765972,Zépiqueno Redmond,Zépiqueno Redmond
578512,908890,Miodrag Pivaš,Miodrag Pivas
537043,626888,Kaine Kesler Hayden,Kaine Kesler Hayden
611011,1088818,Joseph Johnson,Joe Johnson
587178,1043003,Yasin Özcan,Yasin Özcan
601975,717411,Yegor Yarmolyuk,Yegor Yarmolyuk
611134,1052439,Kendry Páez Andrade,Kendry Páez Andrade
613232,1041600,James Wilson,James Wilson
616221,1086258,João Victor de Souza Menezes,Souza
640108,1178393,Antoñito Cordero Campillo,Antonio Cordero
661800,1262696,Cathal McCarthy,Cathal McCarthy
684268,1231179,George Shepherd,George Shepherd